{"count":1,"self":1588.5330431999998,"total":4336.5270488,"children":{"InitializeActuators":{"count":2,"self":0.0019933999999999998,"total":0.0019933999999999998,"children":null},"InitializeSensors":{"count":2,"self":0.0035131,"total":0.0035131,"children":null},"AgentSendState":{"count":1312067,"self":7.6357968,"total":43.4429343,"children":{"CollectObservations":{"count":524828,"self":5.9133971999999995,"total":5.9133971999999995,"children":null},"WriteActionMask":{"count":524828,"self":0.9611175,"total":0.9611175,"children":null},"RequestDecision":{"count":524828,"self":6.2472392,"total":28.9326229,"children":{"AgentInfo.ToProto":{"count":524828,"self":4.4423856,"total":22.685383599999998,"children":{"GenerateSensorData":{"count":524828,"self":18.242998399999998,"total":18.242998,"children":null}}}}}}},"DecideAction":{"count":1312067,"self":2654.6653183999997,"total":2654.6653477,"children":null},"AgentAct":{"count":1312067,"self":49.86176,"total":49.8782407,"children":{"AgentInfo.ToProto":{"count":254,"self":0.0019974999999999997,"total":0.0164797,"children":{"GenerateSensorData":{"count":254,"self":0.014482199999999999,"total":0.014482199999999999,"children":null}}}}},"AgentInfo.ToProto":{"count":28,"self":0,"total":0,"children":{"GenerateSensorData":{"count":28,"self":0,"total":0,"children":null}}}},"gauges":{"Knight Warrior Behavior.CumulativeReward":{"count":282,"max":-61.33942,"min":-264.97934,"runningAverage":-104.801384,"value":-100.002953,"weightedAverage":-104.616638}},"metadata":{"timer_format_version":"0.1.0","start_time_seconds":"1687154657","unity_version":"2021.3.23f1","command_line_arguments":"D:\\Unity\\Hub\\Editor\\2021.3.23f1\\Editor\\Unity.exe -projectpath D:\\GitHub\\2023GameProgrammingMLAgentTest -useHub -hubIPC -cloudEnvironment production","communication_protocol_version":"1.5.0","com.unity.ml-agents_version":"2.3.0-exp.3","scene_name":"SampleScene","end_time_seconds":"1687158994"}}