{
    "name": "root",
    "metadata": {
        "timer_format_version": "0.1.0",
        "start_time_seconds": "1687308396",
        "python_version": "3.9.13 (tags/v3.9.13:6de2ca5, May 17 2022, 16:36:42) [MSC v.1929 64 bit (AMD64)]",
        "command_line_arguments": "C:\\Users\\USER\\AppData\\Local\\Programs\\Python\\Python39\\Scripts\\mlagents-learn KnightWarrior.yaml",
        "mlagents_version": "0.30.0",
        "mlagents_envs_version": "0.30.0",
        "communication_protocol_version": "1.5.0",
        "pytorch_version": "2.0.1+cpu",
        "numpy_version": "1.21.2",
        "end_time_seconds": "1687308529"
    },
    "total": 133.4264943,
    "count": 1,
    "self": 10.006642900000003,
    "children": {
        "run_training.setup": {
            "total": 0.16841879999999998,
            "count": 1,
            "self": 0.16841879999999998
        },
        "TrainerController.start_learning": {
            "total": 123.2514326,
            "count": 1,
            "self": 0.18992690000000323,
            "children": {
                "TrainerController._reset_env": {
                    "total": 16.7565532,
                    "count": 1,
                    "self": 16.7565532
                },
                "TrainerController.advance": {
                    "total": 105.66772399999999,
                    "count": 7357,
                    "self": 0.17536110000109772,
                    "children": {
                        "env_step": {
                            "total": 89.73343099999971,
                            "count": 7357,
                            "self": 75.82568519999936,
                            "children": {
                                "SubprocessEnvManager._take_step": {
                                    "total": 13.79404490000016,
                                    "count": 7357,
                                    "self": 0.4585600000005172,
                                    "children": {
                                        "TorchPolicy.evaluate": {
                                            "total": 13.335484899999642,
                                            "count": 7354,
                                            "self": 13.335484899999642
                                        }
                                    }
                                },
                                "workers": {
                                    "total": 0.11370090000020028,
                                    "count": 7356,
                                    "self": 0.0,
                                    "children": {
                                        "worker_root": {
                                            "total": 102.66076190000094,
                                            "count": 7356,
                                            "is_parallel": true,
                                            "self": 38.27705280000089,
                                            "children": {
                                                "steps_from_proto": {
                                                    "total": 0.004261099999997242,
                                                    "count": 1,
                                                    "is_parallel": true,
                                                    "self": 0.001319599999998644,
                                                    "children": {
                                                        "_process_rank_one_or_two_observation": {
                                                            "total": 0.002941499999998598,
                                                            "count": 2,
                                                            "is_parallel": true,
                                                            "self": 0.002941499999998598
                                                        }
                                                    }
                                                },
                                                "UnityEnvironment.step": {
                                                    "total": 64.37944800000005,
                                                    "count": 7356,
                                                    "is_parallel": true,
                                                    "self": 0.717617200000312,
                                                    "children": {
                                                        "UnityEnvironment._generate_step_input": {
                                                            "total": 0.6368305999995769,
                                                            "count": 7356,
                                                            "is_parallel": true,
                                                            "self": 0.6368305999995769
                                                        },
                                                        "communicator.exchange": {
                                                            "total": 60.74431400000029,
                                                            "count": 7356,
                                                            "is_parallel": true,
                                                            "self": 60.74431400000029
                                                        },
                                                        "steps_from_proto": {
                                                            "total": 2.2806861999998773,
                                                            "count": 7356,
                                                            "is_parallel": true,
                                                            "self": 1.343289400000387,
                                                            "children": {
                                                                "_process_rank_one_or_two_observation": {
                                                                    "total": 0.9373967999994903,
                                                                    "count": 14712,
                                                                    "is_parallel": true,
                                                                    "self": 0.9373967999994903
                                                                }
                                                            }
                                                        }
                                                    }
                                                }
                                            }
                                        }
                                    }
                                }
                            }
                        },
                        "trainer_advance": {
                            "total": 15.75893189999918,
                            "count": 7356,
                            "self": 0.21288539999910583,
                            "children": {
                                "process_trajectory": {
                                    "total": 1.6483615000000498,
                                    "count": 7356,
                                    "self": 1.6483615000000498
                                },
                                "_update_policy": {
                                    "total": 13.897685000000024,
                                    "count": 6,
                                    "self": 7.390557400000056,
                                    "children": {
                                        "TorchPPOOptimizer.update": {
                                            "total": 6.5071275999999685,
                                            "count": 294,