{
    "name": "root",
    "gauges": {
        "KnightWarriorBehavior.Policy.Entropy.mean": {
            "value": -2.307698565573446e-07,
            "min": -2.317674727692065e-07,
            "max": 1.3234543800354004,
            "count": 9
        },
        "KnightWarriorBehavior.Policy.Entropy.sum": {
            "value": -0.0069120186381042,
            "min": -0.0069641489535570145,
            "max": 39841.26953125,
            "count": 9
        },
        "KnightWarriorBehavior.Step.mean": {
            "value": 269938.0,
            "min": 29929.0,
            "max": 269938.0,
            "count": 9
        },
        "KnightWarriorBehavior.Step.sum": {
            "value": 269938.0,
            "min": 29929.0,
            "max": 269938.0,
            "count": 9
        },
        "KnightWarriorBehavior.Policy.ExtrinsicValueEstimate.mean": {
            "value": -5.09085750579834,
            "min": -15.626358985900879,
            "max": -4.667306423187256,
            "count": 9
        },
        "KnightWarriorBehavior.Policy.ExtrinsicValueEstimate.sum": {
            "value": -1221.8057861328125,
            "min": -3781.578857421875,
            "max": -1120.153564453125,
            "count": 9
        },
        "KnightWarriorBehavior.Policy.CuriosityValueEstimate.mean": {
            "value": -0.07661770284175873,
            "min": -0.1944107860326767,
            "max": 6.075746536254883,
            "count": 9
        },
        "KnightWarriorBehavior.Policy.CuriosityValueEstimate.sum": {
            "value": -18.388248443603516,
            "min": -46.65858840942383,
            "max": 1464.2548828125,
            "count": 9
        },
        "KnightWarriorBehavior.Environment.EpisodeLength.mean": {
            "value": 1999.0,
            "min": 1461.05,
            "max": 1999.0,
            "count": 9
        },
        "KnightWarriorBehavior.Environment.EpisodeLength.sum": {
            "value": 31984.0,
            "min": 27986.0,
            "max": 32552.0,
            "count": 9
        },
        "KnightWarriorBehavior.Environment.CumulativeReward.mean": {
            "value": -99.97000861167908,
            "min": -113.40369705150002,
            "max": -99.97000861167908,
            "count": 9
        },
        "KnightWarriorBehavior.Environment.CumulativeReward.sum": {
            "value": -1599.5201377868652,
            "min": -2154.6702439785004,
            "max": -1399.580120563507,
            "count": 9
        },
        "KnightWarriorBehavior.Policy.ExtrinsicReward.mean": {
            "value": -99.97000861167908,
            "min": -113.40369705150002,
            "max": -99.97000861167908,
            "count": 9
        },
        "KnightWarriorBehavior.Policy.ExtrinsicReward.sum": {
            "value": -1599.5201377868652,
            "min": -2154.6702439785004,
            "max": -1399.580120563507,
            "count": 9
        },
        "KnightWarriorBehavior.Policy.CuriosityReward.mean": {
            "value": 0.18278319249274588,
            "min": 0.18278319249274588,
            "max": 271.69423209993465,
            "count": 9
        },
        "KnightWarriorBehavior.Policy.CuriosityReward.sum": {
            "value": 2.924531079883934,
            "min": 2.8846120701900873,
            "max": 5162.190409898758,
            "count": 9
        },
        "KnightWarriorBehavior.Losses.PolicyLoss.mean": {
            "value": 0.0662741968692132,
            "min": 0.06251049405525547,
            "max": 0.06930983332373823,
            "count": 9
        },
        "KnightWarriorBehavior.Losses.PolicyLoss.sum": {
            "value": 0.9278387561689848,
            "min": 0.8751469167735765,
            "max": 1.0027634658807643,
            "count": 9
        },
        "KnightWarriorBehavior.Losses.ValueLoss.mean": {
            "value": 0.28541087355874023,
            "min": 0.1830921273978588,
            "max": 8.53634465051194,
            "count": 9
        },
        "KnightWarriorBehavior.Losses.ValueLoss.sum": {
            "value": 3.9957522298223633,
            "min": 2.5632897835700232,
            "max": 119.50882510716716,
            "count": 9
        },
        "KnightWarriorBehavior.Policy.LearningRate.mean": {
            "value": 0.00029232254827343715,
            "min": 0.00029232254827343715,
            "max": 0.0002995244723013664,
            "count": 9
        },
        "KnightWarriorBehavior.Policy.LearningRate.sum": {
            "value": 0.00409251567582812,
            "min": 0.00409251567582812,
            "max": 0.0043987023337659,
            "count": 9
        },
        "KnightWarriorBehavior.Policy.Epsilon.mean": {
            "value": 0.1974408485714286,
            "min": 0.1974408485714286,
            "max": 0.19984149071428575,
            "count": 9
        },
        "KnightWarriorBehavior.Policy.Epsilon.sum": {
            "value": 2.7641718800000006,
            "min": 2.7641718800000006,
            "max": 2.9662341,
            "count": 9
        },
        "KnightWarriorBehavior.Policy.Beta.mean": {
            "value": 0.009744340772285713,
            "min": 0.009744340772285713,
            "max": 0.009984164922357142,
            "count": 9
        },
        "KnightWarriorBehavior.Policy.Beta.sum": {
            "value": 0.136420770812,
            "min": 0.136420770812,
            "max": 0.14662678659,
            "count": 9
        },
        "KnightWarriorBehavior.Losses.CuriosityForwardLoss.mean": {
            "value": 0.003184285103430655,
            "min": 0.003184285103430655,
            "max": 526.1238454019712,
            "count": 9
        },
        "KnightWarriorBehavior.Losses.CuriosityForwardLoss.sum": {
            "value": 0.04457999144802917,
            "min": 0.04457999144802917,
            "max": 7365.733835627597,
            "count": 9
        },
        "KnightWarriorBehavior.Losses.CuriosityInverseLoss.mean": {
            "value": 0.004962252830893102,
            "min": 0.004962252830893102,
            "max": 1.8163955262501812,
            "count": 9
        },
        "KnightWarriorBehavior.Losses.CuriosityInverseLoss.sum": {
            "value": 0.06947153963250342,
            "min": 0.06947153963250342,
            "max": 25.429537367502537,
            "count": 9
        },
        "KnightWarriorBehavior.IsTraining.mean": {
            "value": 1.0,
            "min": 1.0,
            "max": 1.0,
            "count": 9
        },
        "KnightWarriorBehavior.IsTraining.sum": {
            "value": 1.0,
            "min": 1.0,
            "max": 1.0,
            "count": 9
        }
    },
    "metadata": {
        "timer_format_version": "0.1.0",
        "start_time_seconds": "1687314359",
        "python_version": "3.9.13 (tags/v3.9.13:6de2ca5, May 17 2022, 16:36:42) [MSC v.1929 64 bit (AMD64)]",
        "command_line_arguments": "C:\\Users\\USER\\AppData\\Local\\Programs\\Python\\Python39\\Scripts\\mlagents-learn KnightWarrior.yaml",
        "mlagents_version": "0.30.0",
        "mlagents_envs_version": "0.30.0",
        "communication_protocol_version": "1.5.0",
        "pytorch_version": "2.0.1+cpu",
        "numpy_version": "1.21.2",
        "end_time_seconds": "1687316401"
    },
    "total": 2042.0073475,
    "count": 1,
    "self": 0.007419100000106482,
    "children": {
        "run_training.setup": {
            "total": 0.12273769999999962,
            "count": 1,
            "self": 0.12273769999999962
        },
        "TrainerController.start_learning": {
            "total": 2041.8771906999998,
            "count": 1,
            "self": 3.5847834999572115,
            "children": {
                "TrainerController._reset_env": {
                    "total": 13.603229099999998,
                    "count": 1,
                    "self": 13.603229099999998
                },
                "TrainerController.advance": {
                    "total": 2024.1408106000426,